BRANCH_ID,NAME,LOCATION,ADMINISTRATOR
BOe,Manufacturers,PO Box 35021,850
BPx,Delladonna,13th Floor,805
BqY,Artisan,Suite 72,667
Br2,Hanover,PO Box 2935,022
BTU,Holmberg,Apt 1392,533
BBV,Kennedy,Apt 248,739
BGD,Daystar,2nd Floor,105
B2Q,Chive,Suite 71,243
BnL,Drewry,PO Box 9500,209
BzG,Maywood,8th Floor,370
BxL,Almo,Suite 39,150
BQd,Fieldstone,Apt 379,715
BiA,East,Room 950,554
BW8,Iowa,Room 1815,637
B90,Michigan,Room 1933,337
B3g,Blue Bill Park,PO Box 16652,497
BGY,Texas,PO Box 39758,148
B3M,Ridgeway,12th Floor,786
Bvf,Westport,Apt 1532,415
B6Z,Red Cloud,Room 1460,970
BTs,Dapin,Apt 1267,628
Bv2,Talisman,Room 1615,084
B7q,Barby,6th Floor,718
B29,Del Mar,PO Box 89428,190
Bgt,Forest Dale,Apt 1599,907
Bqr,Debs,PO Box 93811,659
Bfk,Browning,PO Box 14798,031
BZ0,Portage,Apt 1787,530
BvO,Vermont,Suite 86,834
Ba6,Warner,8th Floor,635
Be6,Hazelcrest,PO Box 41135,756
BN4,Park Meadow,Suite 7,974
Bm9,Gina,PO Box 44459,779
BEk,Hoffman,Apt 177,875
BNI,Forest Run,Room 675,471
BmU,Briar Crest,Room 27,796
BTt,Lotheville,Suite 21,159
Bv5,Mendota,Apt 652,649
B1T,Rieder,PO Box 70709,201
BmC,Elka,PO Box 40373,537
BaO,Clemons,7th Floor,777
ByX,Birchwood,PO Box 71645,532
Bqv,Daystar,Room 1187,826
BFx,Gerald,Apt 48,589
BYF,Sunbrook,Suite 32,666
B02,Dunning,Suite 44,685
BhP,Transport,Suite 10,530
BeG,Mitchell,PO Box 67626,354
Bbl,Russell,Suite 21,469
B3c,Starling,Room 292,388
B1i,Coolidge,PO Box 29933,016
B88,Annamark,10th Floor,246
BEa,Scofield,8th Floor,560
BZd,Melby,Suite 23,435
Bsw,Lunder,Apt 1215,938
BxE,Oak,PO Box 97363,605
BMl,Arkansas,Room 1896,133
BoK,Gerald,Apt 992,367
B14,Amoth,PO Box 56678,316
BmN,Stoughton,Suite 47,015
BTO,Summerview,PO Box 67671,550
BDW,Bellgrove,Suite 91,515
BrC,Montana,Room 988,100
BBr,Eagan,Suite 56,403
BRU,Shoshone,Room 1787,466
BPs,Autumn Leaf,5th Floor,506
BH4,Randy,6th Floor,099
BLe,Shopko,PO Box 43794,472
B6c,Dayton,Apt 1096,660
BFw,Macpherson,Apt 1829,722
BeQ,Pepper Wood,19th Floor,838
Bao,Thackeray,5th Floor,784
BdV,Schurz,20th Floor,235
BTV,Myrtle,Apt 613,248
BRu,Burrows,Room 235,860
BYY,Mayer,Room 177,549
B9I,Morning,Apt 1794,484
BLF,Sutherland,6th Floor,711
Bzi,Carioca,PO Box 43183,677
Bwa,Brentwood,Room 334,267
BYi,Riverside,Apt 699,528
BwA,Dahle,Suite 98,023
Bvj,Colorado,Apt 1838,723
Bzx,Cardinal,Apt 1404,044
Bon,Ramsey,10th Floor,080
BSE,Riverside,Apt 432,737
B2U,Continental,8th Floor,488
BTe,American Ash,Apt 518,866
BXJ,Hanover,Room 54,961
BDT,Oak Valley,Apt 1677,558
Bwd,Petterle,5th Floor,466
BQf,Anhalt,9th Floor,346
BLS,Packers,Apt 784,879
Bs4,Trailsway,Room 134,017
BZX,Mcguire,PO Box 44585,708
Byz,Petterle,Suite 75,651
B0T,Fisk,Room 1420,981
B9K,Arkansas,Suite 54,926
BhO,Coolidge,11th Floor,445
BXD,Summit,PO Box 44382,585
