USERNAME,PASSWORD,ACCOUNT_NO
abuss0,dpassZYji,1
egullam1,kpassvKKO,2
tlaxen2,wpassSC9o,3
odavidou3,tpassPSHA,4
alippini4,wpassghsR,5
jweathers5,dpasspEi6,6
zholyard6,lpassab6a,7
lvanyushin7,hpassGVk7,8
admin,admin,9
smanuello9,kpassgo41,10
jkulisa,xpass7Dt4,11
hsawkinsb,mpassItvz,12
lcaplisc,rpassmFed,13
cpenleyd,spass4nl9,14
ccarabete,lpassYiqp,15
fbirkheadf,cpasssmnR,16
ndenyerg,spassLNbF,17
ibeddowsh,kpassCElF,18
rfullbrooki,jpassb4dn,19
sschustj,npassWgaY,20
enewellk,cpasstTEU,21
rcolyerl,mpasszT6R,22
tshayesm,vpass5zQe,23
nmckeaneyn,bpassfoIJ,24
hhallaso,xpass9AJV,25
vbrumbiep,ipassno64,26
cmaureenq,lpasswrr0,27
gyansonr,bpassYWYx,28
bdudbridges,zpasslNhV,29
cmacfadzeant,fpassB4NQ,30
tatheyu,cpassGByC,31
wlabadiniv,xpassStWu,32
eklosgesw,bpassbvyQ,33
jbleacklyx,xpassvzzQ,34
hvermay,fpass8uUu,35
dseallyz,cpassfiTZ,36
fadlard10,ypassOay3,37
ksemarke11,wpassWpVj,38
dwason12,kpass1a06,39
rayer13,lpassP6QT,40
bcapsey14,dpasszg5i,41
mzapatero15,kpass4znb,42
cpudding16,cpassu9Gg,43
rovendon17,upassujVC,44
wmogridge18,apassIdHo,45
meim19,npasswV0U,46
tolesen1a,hpasshRvO,47
rtaffarello1b,ipassnupr,48
ltilbury1c,kpassxx8G,49
gbeidebeke1d,jpassh1gC,50
bromanini1e,jpassREtv,51
mjarman1f,mpassOJAo,52
cwilloughway1g,xpassUlHB,53
fhardie1h,vpass7drd,54
bsmittoune1i,rpassTpiM,55
holeshunin1j,ipassvfd6,56
bbasten1k,ipassD13j,57
dambrogiotti1l,mpassWW0O,58
agilhooly1m,epasshLDD,59
ahazeup1n,npassdmTr,60
hendecott1o,bpassw8LE,61
cblower1p,cpassBABB,62
phinkes1q,ipassZo5f,63
jscobie1r,xpassx2Nx,64
kwooster1s,vpassiEDm,65
kchapellow1t,cpass52G9,66
tdannell1u,epass6xyk,67
dgrimsdith1v,jpassATKD,68
ofenn1w,qpassBfFn,69
rmckeag1x,tpassEj2a,70
fbushaway1y,opassATYj,71
fdelbergue1z,gpassEFB2,72
jsavell20,vpassB1GA,73
njukubczak21,dpassOKV5,74
eshearstone22,rpass2VV1,75
wpeckham23,epassj5la,76
mokroy24,dpassvgDT,77
lattenborough25,jpassY568,78
alanphier26,wpasskDYu,79
rrosbrough27,hpassU55S,80
mbrockwell28,mpasscQla,81
spaprotny29,epass26x1,82
ebum2a,vpassdgz5,83
lgawthrope2b,ppassrGLn,84
cperris2c,opassCy9v,85
hmateu2d,vpassCMdf,86
edisley2e,tpass6Z5g,87
lducker2f,xpassDt09,88
nwhissell2g,qpassKuT6,89
dchmiel2h,dpassB3Di,90
ntrethewey2i,fpass93Hd,91
lclemenceau2j,jpassoVhY,92
eanyene2k,gpassCtYp,93
amaplethorp2l,tpassn4Vt,94
apicard2m,ipassY4ys,95
rthickpenny2n,vpasso5Ur,96
dnellies2o,lpassiahF,97
jhinckesman2p,tpasswcxI,98
rkingaby2q,fpassbpWq,99
tmatchett2r,tpassgjag,100
oabarrow2s,lpass10mP,101
bdinan2t,kpassGS6d,102
edrydale2u,kpassmSEg,103
hsincock2v,jpassFxuJ,104
rswarbrigg2w,vpassgF4K,105
klusted2x,npass5lfK,106
fyork2y,tpass51qu,107
dezzy2z,upasswuZr,108
pescudier30,dpassdUeL,109
zgilchrest31,ipassBEJx,110
ubonelle32,gpassGdIh,111
gghiroldi33,kpassskfS,112
rungerer34,tpassc685,113
akermannes35,gpasswcDh,114
mwhitmell36,lpassubFp,115
jgladden37,wpassw1EH,116
scoalburn38,bpassepYr,117
aarnaldy39,kpasslgqM,118
gmcquin3a,epassopEX,119
mpendall3b,apassTjxI,120
tgain3c,rpassWa5a,121
clandsborough3d,apassgUmm,122
hflancinbaum3e,vpassrEcS,123
smannie3f,lpasstprQ,124
bferrolli3g,bpasstYm6,125
gpolglaze3h,cpassjHpc,126
mthowes3i,cpassMsK5,127
eprantl3j,qpassrC1F,128
jvannar3k,rpassBvXv,129
dfligg3l,kpassh4Tj,130
abax3m,qpassgxQ8,131
dbaldrey3n,ypassdgpO,132
qjuste3o,bpass9qQM,133
lmableson3p,wpass0oiX,134
bferonet3q,qpassGtOg,135
ggersam3r,qpassHPXk,136
rbetonia3s,mpassV5LH,137
vmidgely3t,gpassE6Cd,138
nvinecombe3u,spassDumT,139
rvero3v,bpassu790,140
fcastletine3w,npasszd76,141
tjaggar3x,tpassP8MR,142
lcoite3y,mpass1EMP,143
mkilian3z,tpassmfZi,144
someara40,wpass0bRc,145
qclague41,lpassI9jp,146
kcasacchia42,cpassUDjD,147
tjerdein43,dpassCAxX,148
inaptin44,cpassgUS2,149
mschottli45,apassakxk,150
tgoodram46,jpassahud,151
dvarcoe47,ipassrPsy,152
dlighterness48,mpass0vOC,153
ageram49,hpassTsaW,154
mmarguerite4a,wpassdg54,155
fbernardoux4b,spasskEzW,156
mskyner4c,epassJ0nV,157
cdaguanno4d,upassoJ91,158
adidball4e,kpassVtne,159
lellyatt4f,ppassTIYu,160
nethridge4g,hpassDs0d,161
cperring4h,ypass0YUI,162
lseakin4i,xpass12R1,163
dtollfree4j,mpassfkPD,164
ngreswell4k,jpass4sxf,165
pknowlman4l,jpass8N3R,166
scolter4m,opassKkbm,167
ltindall4n,dpassTZBM,168
gswaite4o,apass7bSg,169
xhallyburton4p,gpassPD1K,170
ggell4q,vpass2uXD,171
alyenyng4r,tpassyBFS,172
emiklem4s,upass8PDg,173
nnudd4t,opassxCkj,174
mronnay4u,lpasskIvv,175
enehlsen4v,upassillK,176
bblunden4w,mpass8v8m,177
agalvin4x,qpassfIT3,178
dsibbet4y,cpassE7FA,179
mbartali4z,rpasss9p9,180
dsouthall50,wpassSsxt,181
akidder51,wpassAofJ,182
tmunslow52,kpasso74I,183
cjikylls53,xpassrF7e,184
mjervois54,jpass3rc8,185
hbehneke55,vpassuHHP,186
ahemshall56,lpassJ3OO,187
tbram57,zpassumm9,188
twermerling58,jpass5edK,189
avalentelli59,mpassrISH,190
vfeldman5a,opass0AEB,191
tmccomiskie5b,zpasseoxD,192
misakson5c,dpassStZm,193
kjansky5d,rpass8kDa,194
mnolte5e,fpassLBuT,195
mbenkhe5f,rpassHMNY,196
lbrewitt5g,opass0wuI,197
othunders5h,apassNMvu,198
mryal5i,ypasslVtN,199
rsnook5j,qpassorjr,200
tkitchinghan5k,upass1f7E,201
wgommey5l,apassE7J0,202
nmuston5m,spassyHOU,203
cfarquharson5n,wpasswEhm,204
amarshman5o,ppassEHgX,205
cpike5p,ppasswyUr,206
fmossdale5q,spassJYC0,207
dtwydell5r,ipassyBHS,208
lmarflitt5s,npassfTab,209
rgreensides5t,upassKZqq,210
asuermeier5u,spassywDE,211
bconrath5v,dpassOZ6c,212
fricoald5w,wpass3PfF,213
isinkins5x,qpasss0AZ,214
tpershouse5y,gpass2h0o,215
hurridge5z,rpass1URd,216
bsign60,fpass26SR,217
bhurkett61,apass9N0O,218
bmactague62,bpassmuH9,219
xsayers63,ppassHPMx,220
vskillett64,rpasseZtW,221
stunesi65,vpassOqa4,222
ytownley66,lpassCANk,223
dcasse67,gpassHdBF,224
gmacshane68,spassRR2l,225
ypauncefort69,spassdVEB,226
waylin6a,ypassphUw,227
cnanuccioi6b,spassqYpu,228
mtrime6c,mpassqgsI,229
gattack6d,fpasskPsg,230
ntwitchings6e,lpassEqaJ,231
lantrag6f,cpassQ4T8,232
klovelace6g,hpass1iH8,233
lmaccafferky6h,kpassHoHx,234
gbrooksby6i,bpassAbxA,235
kocurrigan6j,fpassaypt,236
mtoffalo6k,upassvi7i,237
mlisle6l,ipassBgxa,238
wvairow6m,wpassJQ00,239
kkettlewell6n,tpassWkl1,240
dglascott6o,gpass7qpl,241
alongworthy6p,lpassmClH,242
gpigeram6q,cpassVJ9N,243
kcluderay6r,jpass9jut,244
clantiffe6s,kpassEGjv,245
bcowey6t,apassYgSw,246
kcole6u,wpass8Ix8,247
cwheater6v,cpassbqfT,248
bdevons6w,cpassoRhS,249
cchennells6x,upassHbFZ,250
kdownham6y,xpassq2eH,251
pkernermann6z,zpassAulH,252
bharuard70,zpass69uQ,253
gglabach71,dpass7q4r,254
mwrate72,apassP9MC,255
tchilders73,cpassfDPU,256
churnell74,vpass4Ou9,257
jferrey75,spass31jc,258
zbowgen76,lpassXOeK,259
rsmeeton77,kpassJjLh,260
imcgeffen78,spassrEIt,261
sbroster79,mpasseV40,262
nzanettini7a,bpassNhNU,263
sskellen7b,vpassd2ie,264
tkinchin7c,gpassAjVA,265
cgrafton7d,ipassMzi2,266
arainy7e,cpassAxpy,267
sbroomer7f,mpassH76m,268
bsilcox7g,wpassAlno,269
charfoot7h,jpassdNwh,270
krosa7i,jpassiGZd,271
jtavner7j,ppassMw9N,272
dbrimblecombe7k,gpass0Uog,273
cnevins7l,ppassHXcp,274
hmacdirmid7m,epassTZG5,275
cfrowen7n,vpassHJ1H,276
jbircher7o,ipass1HpJ,277
kpedlingham7p,cpass7wXx,278
llomasney7q,opasssbba,279
astickells7r,bpassu7xQ,280
crenfrew7s,bpassM321,281
dhayller7t,epasswVLa,282
bzecchinii7u,npasslYdf,283
aopie7v,zpassMrSy,284
knyssen7w,npass4Rxu,285
sklas7x,gpassJNKT,286
simlin7y,epassC1NR,287
ehevner7z,rpass6nv5,288
jhabbal80,kpassYxZ3,289
oluc81,lpass1ZH0,290
rtolomio82,tpassJ9Uk,291
rmckeller83,dpassoV6s,292
ltanguy84,wpassD9Ls,293
vsanton85,lpassGEYl,294
nkiddie86,ppassRWNa,295
ccottell87,upassN8x8,296
iconneau88,bpasskmav,297
cduligall89,jpassNvH5,298
mamerici8a,gpass2Eqn,299
igaythor8b,bpasssNXE,300
nleacy8c,tpasssyHB,301
peltone8d,ypassPwre,302
bsherrington8e,kpassABkM,303
sbovaird8f,xpasssGSG,304
pgrinyer8g,hpassSbDs,305
ecurley8h,ypasstAV4,306
pantonoczyk8i,vpassYMRP,307
jspalls8j,ypassapfI,308
cottley8k,hpassnhJE,309
tjeremiah8l,hpass5Jp7,310
mbrumwell8m,hpassSWba,311
mmclenaghan8n,xpassOQpq,312
zpirelli8o,apassJSYG,313
kwerlock8p,wpassjYgT,314
wmckea8q,gpassA396,315
landrzej8r,ppassoDTy,316
rtondeur8s,gpassAfTl,317
jseamon8t,lpassazV4,318
cglison8u,dpasscrD3,319
dcrannis8v,lpasswGoS,320
lnelissen8w,jpassYeda,321
jtant8x,fpassPOUq,322
abloxsum8y,gpassw9sL,323
achurly8z,rpassdnq2,324
agidley90,hpassSBzy,325
crichings91,epassc4Rf,326
lboldra92,opassKanC,327
charsant93,ypassVwmZ,328
gcaherny94,qpassIWOW,329
wkelwick95,rpasslbON,330
crobak96,qpassBrMC,331
nsiman97,dpassSxRR,332
bcristofolo98,fpass2JMF,333
hbiddleston99,cpass1VDq,334
lhenrych9a,opasshQmD,335
dstidson9b,wpass8TSa,336
jjannaway9c,vpassOKWp,337
adavidsohn9d,spassOgbk,338
jbazylets9e,opass2zGl,339
spassler9f,upass4dg9,340
ssutor9g,vpass49EI,341
pseacroft9h,fpassHW58,342
tdermott9i,kpasswNsJ,343
ktole9j,wpasseoCl,344
sheddy9k,fpasspAis,345
eliquorish9l,npass5O6Y,346
slhomme9m,fpassObKE,347
emccarron9n,hpass8cqD,348
oorsay9o,npassBzgN,349
llingard9p,fpassI3Rp,350
cphorsby9q,npassPg5b,351
cchampniss9r,opasseHi7,352
klomansey9s,hpassYHhm,353
lbrolan9t,mpassFrKG,354
cbruton9u,lpassnkRw,355
ntirone9v,mpassP6gD,356
fvanichev9w,lpassj9DV,357
ekelbie9x,zpass16A8,358
cnichols9y,xpassNrNT,359
gstruijs9z,spasscOyS,360
jbradnama0,npass4ct6,361
jceriea1,tpassndlX,362
kleithgoea2,tpassVPum,363
bpallascha3,wpassV8tP,364
yhenrysa4,tpassp3NH,365
cgodehardsfa5,cpass1gUU,366
vcranagea6,cpassNH9I,367
gbereforda7,cpassXyCa,368
ddurnina8,ppassRY6O,369
igwyera9,kpasso7Ha,370
drunnaclesaa,ipass3exK,371
aedsallab,ypassOZl8,372
whayerac,zpassSKPw,373
dalessandriniad,epassyyTD,374
kkuschelae,npass0nC7,375
ocoonihanaf,zpassGX2V,376
lfawcittag,qpasshzbF,377
rcaghyah,rpassH7pU,378
byankishinai,jpassuK0x,379
ahackeraj,lpassy1Kt,380
jblissittak,tpass938Z,381
ndowearsal,gpassOYeK,382
gmanleyam,xpassn9hr,383
cmanntschkean,rpassLPxr,384
sgristonao,rpassMRp2,385
jlewsonap,vpass6QHp,386
boflahertyaq,ppassdia4,387
ghavilear,gpassYPzW,388
calpsas,xpass7uPp,389
lpirozziat,epass7IhR,390
rfalkusau,kpassXcfs,391
ofranklenav,gpassmdis,392
btheakeraw,jpassxoyN,393
mdzenisenkaax,kpassVMhh,394
smcsweeneyay,kpassCP8E,395
lblaskettaz,zpassEX8k,396
phamlinb0,xpassXQk1,397
scowellb1,kpassbV4E,398
mrebertb2,hpassmkf1,399
dantosb3,npassl8DA,400
rtowseyb4,rpass7jVP,401
mmcgowanb5,cpass0Qrf,402
fbeazleyb6,zpassZCNl,403
maronsonb7,kpass8wdu,404
kmckyrrellyb8,mpassm3WU,405
dgledhillb9,vpass4NRF,406
rdurnoba,apassN6PE,407
catkinsbb,tpassLAZz,408
ecrissilbc,spassWBJj,409
ldittybd,epassV40q,410
mpidduckbe,bpassuBXz,411
kbuessenbf,apassnuCp,412
amccallambg,opasshD5i,413
ttrenfieldbh,kpassltxN,414
hottewellbi,jpassPWGT,415
dmerfinbj,npassqO0K,416
gtealbk,kpass5Hxx,417
rdingivanbl,xpassLkNu,418
sbidnallbm,wpassFB4T,419
mburdfieldbn,ypassMH4v,420
egohnbo,ppassFK1q,421
cmumbraybp,mpassGpKV,422
ldobinsonbq,fpassLdgv,423
vizkovicibr,ppassPKYI,424
sdabinettbs,wpassONiY,425
uspeedybt,opassx4B4,426
jernkebu,gpass6yX0,427
ldohrbv,spassB5oT,428
cfrosdickbw,mpassknGw,429
dderrybx,apassjA9g,430
gfeareby,rpassMvaO,431
lspenclaybz,lpassHfiR,432
rspurdlec0,vpassIDYT,433
gdaelmanc1,hpassX1bT,434
hargerc2,hpass4yvU,435
kalabasterc3,ypassgijh,436
bkubasekc4,spasspMFi,437
nchesshyrec5,xpassZRoq,438
mhelmc6,hpassBuj5,439
ehukinc7,lpassFp5f,440
ccanlinc8,ypassmT49,441
cdessaurc9,vpassWChI,442
plefriecca,wpassNlQe,443
pbickstethcb,tpassW0cy,444
jblanchetcc,tpass2EDF,445
crenggercd,upass4QUa,446
dmynettce,kpassr2nU,447
cbriddlecf,ppassYyvU,448
dhitzschkecg,apassBHFE,449
ediplockch,bpassTNzv,450
atrustieci,opassEUE5,451
bhaggardcj,cpassM0O9,452
rnaptonck,tpassGpnb,453
rcluneycl,opasspprd,454
mhunnamcm,jpassZ2OW,455
abriscowcn,tpassCjXo,456
sespinasco,dpass8nD6,457
epettmancp,qpassomO4,458
echampecq,tpassNdiS,459
awhartoncr,qpasssNZv,460
ofitzsimoncs,dpassan5Y,461
icolerickct,mpasswSQh,462
ofarnorthcu,cpassrNZm,463
cthiemecv,ppass9Hao,464
otreverscw,lpassfxF8,465
cdaileycx,rpassyc35,466
rdurhamcy,bpassGxsI,467
aanersencz,mpassJsgJ,468
nadamidesd0,wpassxBI7,469
rheinicked1,upassKyWH,470
kblaszkiewiczd2,dpassx6ck,471
ddavidoffd3,fpassZXtT,472
sharpind4,lpasslPm5,473
crockliffed5,apass5PPM,474
sjurgensend6,npassNWpC,475
piacobaccid7,epass5Peu,476
djessardd8,tpassy8n4,477
ataffarellod9,bpasswFWl,478
dcockerhamda,zpassqKTR,479
aspradbrowdb,lpassFZO4,480
dborgedc,hpassnCeX,481
cgianettidd,lpassYx1m,482
owarnesde,ypassTtqX,483
kkupkedf,fpassAY4w,484
iidledg,fpass32TS,485
holynndh,qpass6qFN,486
rparamordi,vpassjsWB,487
lsorrilldj,upass637n,488
whawesdk,spassFWRP,489
mtrangmardl,mpasslVMm,490
emacdearmiddm,wpassT9ZZ,491
jbaughendn,wpassGOd1,492
lskermerdo,apassKblr,493
mleffekdp,hpass8TOY,494
ifilderydq,qpassgKF9,495
rlangrandr,rpassgV5d,496
lswindonds,cpassM88U,497
drhuledt,lpassqfhk,498
kmcdonnelldu,rpassIXWf,499
jartistdv,opasseSfJ,500
cburndreddw,wpassAz6F,501
mhaydockdx,cpasswW6M,502
harmfirlddy,qpassPppq,503
mlincolndz,wpassCZvm,504
nquaife0,cpassHmsP,505
ngalere1,kpassATzL,506
abearfoote2,xpassMJut,507
djodlowskie3,spassnaDm,508
dpoytherase4,dpass5BYf,509
psnarre5,opassGkUv,510
tmacgilfoylee6,hpassfsir,511
qesselene7,kpassVFuq,512
iclaydene8,cpassImWf,513
walvaroe9,fpassZmlF,514
rjosovitzea,rpassrz8p,515
pcressereb,apass2GC8,516
djoderliec,ipassAwvS,517
dsydered,dpassb0Wr,518
cspofforthee,xpassYLBu,519
knyeef,dpassrRru,520
erizzoeg,hpassuqmf,521
afahertyeh,vpassBW47,522
hheighoei,cpassxLpx,523
vnabarroej,epasspyhq,524
ryounghusbandek,mpassMBk7,525
bbascombel,upassvPzm,526
cbrumbyeem,tpassOWb6,527
mbeaumanen,dpassI51D,528
mcalvardeo,upassR6dR,529
ndumbreckep,ppassD0Y2,530
linnmaneq,kpassLnCx,531
tambruser,rpassVbd9,532
lallibones,cpassjOOA,533
tsafontet,fpassxMYF,534
lbasnetteu,ppassCwzn,535
kjozsikaev,xpassVVg1,536
jclementelew,epassImDG,537
jbelcherex,bpassSZVQ,538
celfeey,mpassxaZY,539
koxbrowez,epassvsWM,540
lshawlf0,zpassLTIN,541
mnuccitellif1,gpassoUQ1,542
skosf2,qpassVDIC,543
krawlinsonf3,rpassFGma,544
amacmarcuisf4,jpassvQFO,545
lperfectf5,apassZi7f,546
iswidenbankf6,gpassVpji,547
sfernsf7,upass9pTs,548
dhaggasf8,gpassZlqK,549
clargenf9,qpassxBg1,550
sboundefa,epassL7wB,551
tsuccamorefb,bpasskYzh,552
nhincefc,qpasspBeJ,553
uhebsonfd,apasslOQ0,554
yochterlonyfe,mpassHGhI,555
lvasichevff,xpassKelU,556
fwemesfg,xpassvrvA,557
edwellyfh,opass8CYQ,558
ioffellfi,opassemFq,559
ahindsbergfj,jpassLkes,560
nprandyfk,npass3G1A,561
jterramfl,rpasswpIM,562
tpitcherfm,bpassn21X,563
sdickerlinefn,hpassGw3l,564
golonefo,mpassUXc6,565
dyanukfp,tpassvk1I,566
ttunnicliffefq,spassxEb6,567
jchillingsworthfr,cpassBtFp,568
tummfreyfs,wpassbS0n,569
atranterft,fpasswWdQ,570
czorzinifu,opassKo6D,571
bbugdellfv,ipassrfRZ,572
mbourgourdfw,ppasscbnc,573
cchiversfx,vpassznwK,574
lsimmansfy,ppassMT8U,575
bduffitfz,epassWI17,576
ejang0,gpassfadN,577
ablasettig1,kpass1dF6,578
eellingsworthg2,opassK40X,579
ebeachamg3,apassx6E8,580
lpicardog4,vpassNerM,581
aschowenburgg5,rpasswSrY,582
bgeraudelg6,cpassuCEK,583
bdaniellig7,gpassfKKb,584
cbartomeug8,ppassOxcA,585
rmenig9,gpassU69E,586
fglendzaga,epass8eo6,587
cguirardgb,upassmnxI,588
lneubigingc,ppassfAJb,589
jbenainegd,vpassTUcR,590
rgoodchildge,vpassG9lz,591
jkilgrovegf,hpass340b,592
tsimionatogg,dpassut1X,593
fbonifacegh,dpassAUIu,594
khorrygi,jpassXyjV,595
dforesightgj,vpass9MxI,596
dbyergk,vpass6rXP,597
mlangdridgegl,upassSGRL,598
omeinsgm,ypasseL8t,599
ejaniszewskign,lpassmbts,600
bbickerstaffego,opassVoI2,601
ecoleyshawgp,upassLk8w,602
eairesgq,opassXQF2,603
rgiovaniziogr,xpassFooX,604
cunwings,cpass4l74,605
dluckiegt,rpassP2uD,606
ldaultongu,opassHfzG,607
ncasburngv,spassSanN,608
eluetygw,ppassQV45,609
prazouxgx,npassG4pW,610
rorringy,ipassTNBs,611
doniongz,cpassXNVj,612
pthomessonh0,spassSt9b,613
fpetrash1,qpassuvCE,614
sriordanh2,bpassMtDp,615
vmessierh3,ypassvp8w,616
tscotcherh4,fpassYTLb,617
mpartkyah5,xpass8qna,618
dizaach6,rpassPoUO,619
ereilingh7,apass13In,620
jprewh8,fpassDWnf,621
gnewbatth9,npassDB2w,622
bllywarchha,upassfU8H,623
washburnehb,ypassFsbo,624
dskokoehc,opassvW5c,625
grennockshd,ypassF7PN,626
tphelipeauxhe,apassGpcm,627
hguillardhf,dpass5jSO,628
gmcmillamhg,wpassA2xy,629
mallboneshh,gpassag2X,630
jdavioudhi,apassoJim,631
rfranceschj,upassPCMp,632
abarsamhk,gpassvrs5,633
gteallhl,xpassx64h,634
fpinchhm,wpassigQv,635
pkenewellhn,hpassih78,636
sgreslyho,bpassV636,637
lmunnshp,apassX4fy,638
cpettiforhq,hpasskKe8,639
vbenehr,opassnc55,640
mbolithohs,upassCNxo,641
jitzaksonht,xpass1ERu,642
bbenechhu,lpassO8Fn,643
ltomkyshv,jpassHcvq,644
kjellhw,hpassfpiL,645
ccrowterhx,apassvzm7,646
jrubinowitschhy,kpassGiUC,647
ccrowterhz,bpasswNG3,648
eramsayi0,rpassos78,649
mdmitrievi1,mpassqrDp,650
krainforthi2,qpassi7IT,651
rsiseyi3,ppassfXEd,652
krossettii4,hpassCjnZ,653
bkonnekei5,ypassZ5hY,654
ctowsiei6,ppasslRX7,655
bgulbergi7,upassR4tm,656
pganteri8,kpassll2W,657
eanteckii9,vpasshHYY,658
lmcgruaria,mpassQzdJ,659
jmoranib,tpassy7Su,660
ekohlermanic,vpassxitn,661
svollerid,zpassdUaz,662
mholleranie,rpassrhmK,663
pchethamif,bpassUOqp,664
sguysig,opassvZSX,665
pvanderweedenburgih,qpassP1YB,666
vsapshedii,epassd72d,667
kpearnij,mpasseYQG,668
omerigeauik,qpassJEYb,669
sbeckinsaleil,npassn7we,670
rmaccallamim,rpassBtAL,671
mmeersin,tpassG4Ms,672
dwittkeio,opassuBWy,673
evallackip,vpassocHs,674
bgeroldiq,dpassXRZg,675
dgoadsbyir,ipassTJg6,676
cdeavinis,spassv3wn,677
wpierceit,ypassggJs,678
gstidstoniu,apassaPQY,679
hjellimaniv,kpassfU3g,680
elelliottiw,hpassFCU5,681
mblakedenix,ppasskR4A,682
nferneyiy,gpassJGwa,683
wrisbroughiz,wpassujuA,684
mgladdingj0,upassyiBl,685
kbramontj1,ppasscpHZ,686
emarunchakj2,opassmGZJ,687
ggaitskellj3,spassbzKo,688
sbamlettj4,qpassU9MH,689
zterrisj5,wpassHyow,690
cwatmoughj6,wpasson18,691
ndevaarj7,vpasspspD,692
mdelazennej8,xpasspUEi,693
ctrewarthaj9,xpassgrgt,694
iciculloja,upassJsdp,695
mmadisonjb,wpassapsJ,696
rbromigejc,ppass0XAr,697
eharkenjd,upasssfre,698
nbriattje,qpass90TH,699
ehumbelljf,fpassi2K2,700
lsteensonjg,ypassgJn9,701
watlingjh,hpassBs6a,702
aduchatelji,gpasskRbJ,703
alemarquisjj,epass8YjB,704
fmatschekjk,spass7XSs,705
sgiacomellijl,dpassXWZK,706
sskaidjm,fpassfd8r,707
estaceyjn,ipassFsEh,708
fceeleyjo,zpassw66O,709
lmccreadyjp,vpassUr61,710
rrothertjq,wpassy5dB,711
onicelyjr,spass5ZC1,712
amckibbenjs,epasskn1F,713
glangjt,qpass74w1,714
randrusovju,dpassS92n,715
astedelljv,zpasscioa,716
cdenmeadjw,zpassBPfD,717
wbaldersonjx,kpassxbxq,718
rmewjy,xpass5sew,719
kfolomkinjz,ppass00TM,720
nhassurk0,bpassDA62,721
wartzk1,qpassPK2N,722
rgaberk2,apass9g9u,723
hhubbocksk3,zpasseqg0,724
jcoltmank4,gpassAez4,725
jsenoglesk5,mpasswsBb,726
pkeppk6,upassNS32,727
jsmeedk7,mpassYJZZ,728
mduncansonk8,cpassNLWi,729
cgavaghank9,upassjR11,730
olickesska,hpassKn0a,731
agapperkb,hpassOZss,732
pjedrzejkc,lpassUA9p,733
mtevlinkd,epassgPuA,734
gseagerke,gpassuRcd,735
tflatmankf,jpasspVON,736
vmatejakg,qpassWxmV,737
scrosikh,rpasst6q9,738
tdoogki,vpassmZDP,739
ccrispinkj,kpassXPQt,740
ggrinyakinkk,spassPqu7,741
jblakeboroughkl,mpassifAB,742
aneatekm,qpassUzIS,743
ithorwarthkn,lpass7Sfv,744
rbeagleholeko,npasszo2E,745
wburdgekp,gpass8NPS,746
desterbrookkq,xpassmvLx,747
scantuakr,tpassszxJ,748
mconsterdineks,lpassw0oy,749
fologhlenkt,spassDCJy,750
fdenfordku,ppasspiJ6,751
eparfreykv,cpassHskU,752
epischofkw,epassN8gv,753
adrieskx,jpassWuth,754
pjurkowskiky,bpass72vZ,755
fparduekz,epassgkA8,756
khyamsl0,ipassCs4X,757
tmannixl1,ypassfWOz,758
treichardtl2,npasslxzy,759
mbockinl3,apassTeVx,760
dnoirl4,mpassS9m7,761
cmarlorl5,tpass01U8,762
cdurranl6,hpass4vM7,763
dpetrellol7,mpassFHPM,764
pmcgonnelll8,epassoYNl,765
gcanniffel9,zpassuaTB,766
mfitchenla,apassFgH3,767
adelafieldlb,wpassEd8W,768
bscotchmurlc,lpassg7Ml,769
gmccalisterld,apasstjzE,770
mskeenele,bpassB5oY,771
lmeryettlf,gpassFeU9,772
gcasacchialg,dpasszgo6,773
asilvermannlh,fpassHbXk,774
melliceli,qpasso6cv,775
eswinfordlj,zpassqz7N,776
jmussingtonlk,rpassTwc0,777
jgullivanll,wpassm8tg,778
ssanctolm,npassa4IA,779
cbathoeln,opassmLx8,780
aagiolfingerlo,mpassYYYX,781
mconkielp,vpassabEA,782
dsautterlq,vpassLIps,783
bcordinglylr,apassu3Br,784
lgaills,opass6Itr,785
rmargachlt,dpassTKhW,786
bwatkinlu,rpass5e9u,787
aingerithlv,spasse4Mq,788
lschimannlw,ypass0tnj,789
cbrinelx,mpasslAZY,790
ebrakerly,hpassOczr,791
toloughranlz,apassPFZV,792
eropkingm0,upassthrB,793
ewhittetm1,lpassASBf,794
wpulmanm2,upasssrxF,795
etonepohlm3,epassmldU,796
seastupm4,apassecEr,797
ebarensm5,mpass7SRT,798
cbuxcym6,opassvSIR,799
bgurneym7,dpassRO62,800
lstuffinsm8,ypasslXc7,801
cbexonm9,mpassBVgh,802
nmccarlema,epass8WV0,803
agilfoymb,vpassFQH7,804
tdiggonsmc,kpasssUen,805
bannonmd,jpassFXn5,806
cgoadme,apassl5SX,807
rmordauntmf,vpassKG14,808
rdomanekmg,tpassN3Zo,809
bnannizzimh,opassiGZ1,810
rlathburymi,rpassjPY1,811
kclowesmj,spassmZuL,812
gtudgemk,zpassnpXV,813
aagateml,upassx009,814
adorbinmm,ypasstxFs,815
scastelmn,epassN6Ru,816
cdonettmo,spassZdRr,817
mhaniganmp,apass4Zb2,818
mrummerymq,spassr9AT,819
klevismr,cpassAl2a,820
jlambertazzims,mpass54vZ,821
jcordesmt,dpassmxHq,822
klittrickmu,zpassbhuM,823
jmeechmv,dpassjvla,824
astariemw,ypassJ04E,825
hschultheissmx,npasszkCg,826
fsizlandmy,xpasspJ1j,827
brhymermz,opassYcFa,828
wroppn0,upasspTPi,829
ctroupn1,epass7Ybx,830
edaylyn2,cpassbLRE,831
bcorballyn3,npassItjd,832
rdarchn4,ypasssMmy,833
ccluern5,ppassEhpp,834
nweyn6,tpassguLL,835
sjandln7,bpasstrLh,836
rglenfieldn8,fpassh4lv,837
bmerrittn9,vpasszKig,838
lheakinsna,gpasszGBY,839
jgarraltsnb,ypassAiKY,840
jscullinnc,xpassN2of,841
rberensnd,wpassmae2,842
mchoakne,ipasshQWH,843
ehobgennf,ypassobsT,844
mechallierng,spassuvg3,845
bhockingnh,ypassGaQy,846
mkorneevni,ipassZ8tc,847
kdufernj,epassJH9t,848
abiestynk,gpassduTZ,849
rdonnernl,qpassvzjj,850
greesnm,apasspCGc,851
dbownenn,kpassEwhd,852
lgommeyno,xpassuuwq,853
nkeillohnp,apassxlqI,854
tshevlanenq,dpassQHdt,855
hbaversornr,kpassCnk9,856
creanns,kpassTgEX,857
sravenhillnt,npassQKvl,858
sglitherownu,dpassKBFz,859
mcastelinnv,mpasstGRa,860
jimlachnw,spassf4s0,861
mclairenx,lpassBpp8,862
ycoltherdny,ypass04n8,863
tloncasternz,qpassxg3P,864
cmacksteado0,epasslNKS,865
fgrinleyo1,tpassXjtt,866
pgreenleafo2,lpassyfKz,867
aneylano3,qpassaG7q,868
kseyso4,lpassnz68,869
slincolno5,npassge0d,870
rlivesleyo6,ypassDlPh,871
gmonaghano7,cpass6vT2,872
cgueo8,mpassmEL1,873
abeecko9,wpassCup1,874
dtrevenaoa,upassvfPH,875
amidghallob,kpassveQH,876
wpotkinsoc,dpassHq36,877
cpaulischod,cpass9IlP,878
fgalloe,spass0vM6,879
holdershawof,gpass7H7d,880
nchestnutog,ypassu56L,881
mhugonnetoh,rpassOwvC,882
lcrummyoi,cpassP2FZ,883
amclleeseoj,qpasslCrS,884
bpughsleyok,jpassBpfn,885
rsandwickol,jpassGmuX,886
nblancom,ypassUSLX,887
wziemson,ypassygKA,888
frawcliffeoo,hpassiEIN,889
lcorkeop,zpassaqIy,890
hbrabenoq,xpassYlR2,891
lwaggor,fpassVMJj,892
nfontelos,cpassKSYf,893
ffairallot,zpasssUVL,894
speltzou,ppassL13q,895
matwoolov,lpassF2Tc,896
nraceow,ppassEyS0,897
ljuniferox,zpassZGKi,898
ecarpeoy,bpassyro5,899
pfeaksoz,vpassr4f5,900
cbradneckp0,apassfRKm,901
rharnorp1,opassGbLH,902
phellmerp2,lpass2u6B,903
feadp3,npasszHIz,904
gdrissellp4,spassa3vd,905
agreberp5,cpassCt0Y,906
vmcmasterp6,mpassLP6h,907
hbentermanp7,lpassZ4w7,908
lcollefordp8,dpassbuaX,909
tdebenhamp9,ppass724x,910
dcrickmoorpa,ppassOfv9,911
pcattanachpb,spass11R1,912
rwrenpc,cpassokoQ,913
tswiftpd,mpassqxVV,914
sharriottpe,tpass8ae6,915
scurgenvenpf,rpassnwwS,916
nbradburnepg,ypassQfgF,917
lreyesph,gpass4ILU,918
jhaseldenpi,wpassYTyz,919
ckunathpj,dpasse4Qz,920
afodenpk,mpassBL8l,921
lgommerypl,lpasspQUs,922
npenderpm,gpassxNzV,923
pdederichpn,xpasspXnL,924
nindgspo,jpassMaI9,925
cwoodrooffepp,qpasssIXa,926
oweerdenburgpq,ipassSqmo,927
rjamrowiczpr,tpass8UyC,928
mhargroveps,qpassgsAV,929
dcraighillpt,spassyr7p,930
kdewsnappu,ypassrQlL,931
pdikelspv,ppassaErA,932
bdaughterypw,ypassBcux,933
busbornpx,opassDHO9,934
sbennedickpy,gpass99E3,935
efarrellpz,epasswOLO,936
aealdenq0,rpassD7KP,937
mmeyerq1,epassnH72,938
cgrigorievq2,bpassPdhd,939
cabraminq3,kpassTN1f,940
lcochq4,apassz8G5,941
bhenrietq5,zpassbY6K,942
elatchfordq6,spassLula,943
bgreavesq7,epasseqzd,944
gsemourq8,lpass1BHV,945
mcobbeq9,dpasslXih,946
tkensonqa,tpasstEDk,947
tclaytonqb,dpasswq7l,948
wlapthornqc,hpassZHDt,949
dmerrellqd,xpassmG3y,950
sdaffeyqe,gpass0GoP,951
mmuckartqf,jpassfpYH,952
rpylkynytonqg,cpassmQCr,953
vffordeqh,dpassp3dg,954
bforganqi,jpassTLnv,955
phaskewqj,spassA45z,956
cackensonqk,gpassRj1W,957
cgartenfeldql,qpassAZZW,958
rgrundyqm,mpasss5KN,959
ebosseqn,kpass0ZVJ,960
rroistoneqo,wpassEupS,961
mpailinqp,kpasshLUR,962
rhamesqq,qpassCUtm,963
wstrangerqr,ypassrtzG,964
cbumpassqs,tpassV9s9,965
plongmateqt,upasskmdb,966
vjelkqu,ipassYtsz,967
rquinnellqv,dpasssW6L,968
tdimitriouqw,jpass6vYA,969
galdhouseqx,apassNe7s,970
gtilliardsqy,upassyFQd,971
dmorlandqz,epassega1,972
rreedr0,jpassLJsC,973
agrimsdellr1,upassMOpJ,974
craistonr2,epassYZCE,975
elongegar3,ipassI9yF,976
cshearstonr4,wpassQyQx,977
ebolesworthr5,npassw2NO,978
cbignoldr6,rpass4VQu,979
cnotor7,gpassNTjV,980
egreenslader8,upassOFCn,981
cyokelmanr9,dpassBr9i,982
ccardenosora,upass7O7s,983
sscreatonrb,hpassvrYN,984
mscoonerc,rpassfAQs,985
bmcgeochrd,xpassLOY5,986
gduigenanre,kpasslb12,987
eblackburnrf,jpassjPMt,988
osmallsrg,zpasscyNR,989
gglastonburyrh,lpassq8HM,990
ddanyri,gpassl10U,991
khellekerrj,npassjKZ8,992
odallark,rpass8jrf,993
qsketchleyrl,lpassEDwT,994
bpothburyrm,dpassDvbI,995
mscutchingrn,gpassy3a4,996
cbestallro,kpassIshL,997
syaldrenrp,epassfEm6,998
wbroadhurstrq,hpassHpiv,999
madrianrr,zpassEwEE,1000
