PERSON_ID,NAME,GENDER,ADDRESS,DOB
1,Flossi McCorkell,M,01153 Mitchell Center,2001-06-19
2,Irvin Ballinghall,F,1 Talisman Avenue,1977-11-19
3,Delcine Cuschieri,F,5214 Towne Trail,1993-03-26
4,Roz Wayper,M,76 Pond Place,1993-09-13
5,Barde Brockhouse,M,9947 Kedzie Crossing,1994-03-07
6,Tan Ditty,F,3817 Fuller Junction,1985-03-25
7,Martica Jenton,F,13245 Straubel Way,1998-11-15
8,Zacharia Trengrove,F,34 Homewood Plaza,1977-03-10
9,Bartholomeus Bront,M,252 Sutherland Terrace,1999-03-01
10,Amy Asbury,F,7776 Arapahoe Center,1991-02-12
11,Tracee Hedin,M,698 Continental Terrace,1987-12-13
12,Sergio Stower,M,4 Swallow Avenue,1971-03-01
13,Dawna Jindracek,F,2 Washington Drive,1983-05-28
14,Elladine Worrell,M,7 Straubel Court,1970-10-24
15,Bruce Revell,F,326 Superior Way,1986-07-21
16,Aprilette Puncher,F,3 Dottie Hill,1990-01-02
17,Nadia Bergstrand,M,5 Village Avenue,2001-10-18
18,Uri Chesterfield,M,5822 Merchant Hill,1982-12-29
19,Ann-marie Stebbins,M,9221 Calypso Hill,1999-11-21
20,Cherry Shorland,F,1387 Michigan Place,1988-11-02
21,Maurizia Gadney,F,73182 Lotheville Terrace,1972-09-19
22,Sutherland Layzell,F,6 Spohn Road,1985-05-05
23,Ingra McDonald,M,31 Merrick Drive,1980-11-20
24,Luce Phlippsen,F,6 Ramsey Parkway,2001-09-23
25,Ginny Gwilt,F,812 Doe Crossing Park,1977-07-19
26,Ricky Colleford,M,9 Knutson Road,1992-07-31
27,Orlando Harrisson,M,2 East Crossing,1996-02-01
28,Scottie Trebbett,F,45686 Gerald Junction,1992-12-23
29,Northrup Coggan,F,498 International Drive,1997-01-03
30,Mercedes Gorling,F,1 Buell Trail,1972-07-03
31,Karen Bellward,M,13 8th Park,1989-03-12
32,Jethro Szymanowicz,M,887 Colorado Plaza,1975-12-20
33,Godard Langrick,M,6737 8th Crossing,1984-11-27
34,Karissa Rathe,M,30451 Morningstar Junction,1977-11-11
35,Trudey Abdie,M,1 Anthes Center,1972-01-08
36,Anabella Somersett,F,73436 Upham Circle,1970-02-22
37,Maribeth Windmill,M,9 Welch Drive,1996-07-05
38,Robers Rosenthal,F,503 Clyde Gallagher Drive,1990-11-03
39,Tremain Dyble,M,95199 Ridgeview Junction,1991-10-16
40,Filippo Werny,F,023 Kinsman Court,2000-08-04
41,Lazar Clyma,M,6201 Esch Park,2001-06-28
42,Rick Moraleda,M,609 Merry Terrace,1992-04-06
43,Marguerite Gregoriou,M,6 Iowa Place,1970-03-24
44,Daven Hastin,F,890 Fulton Park,1982-02-15
45,Mahalia Cheake,M,22092 Tennessee Avenue,1974-06-04
46,Sibylla Leming,F,07477 Gale Court,1981-01-08
47,Nehemiah Claxson,M,6 Kropf Place,1983-06-16
48,Editha Peacham,F,6157 Debra Point,1977-10-03
49,Brigid Styant,M,290 Bluejay Street,1981-01-10
50,Costa Conway,F,6 Nobel Pass,1982-05-22
51,Freddi McKelloch,F,4013 Bluejay Street,1996-05-30
52,Elisha Ambrus,M,4 Hermina Avenue,1980-05-05
53,Ranique Mabbett,M,521 Moose Court,1970-09-20
54,Barr Durnell,F,89585 Coolidge Place,1999-05-17
55,Lauralee Beavis,F,246 Upham Junction,1985-03-28
56,Roscoe Smallman,M,53 Basil Alley,1971-05-18
57,Franciskus Johansen,F,0748 Eagle Crest Drive,1995-05-16
58,Dee dee D'Almeida,M,97346 Golden Leaf Plaza,1990-02-22
59,Eleanore Ludmann,F,082 Karstens Terrace,1986-04-07
60,Nils Berrigan,M,243 Anthes Lane,1983-12-12
61,Auria Colville,M,35440 Erie Trail,1970-12-27
62,Jocko Ortner,F,314 Moose Street,1980-05-27
63,Rossie Fillis,F,64391 Comanche Road,1992-03-23
64,Read Wolfendell,F,2 Elgar Place,1996-06-10
65,Gherardo Ossipenko,F,27288 Forest Run Junction,1991-10-02
66,Wayne Graddon,F,6948 Donald Point,1980-11-08
67,Doretta Borg-Bartolo,F,03 Monument Avenue,1994-10-17
68,Meriel Redon,M,5 Mosinee Trail,1985-11-08
69,Chet Keijser,M,1562 Di Loreto Park,1979-09-18
70,Carlye Landsborough,F,8897 5th Lane,1993-03-01
71,Denys Pacquet,M,159 Menomonie Pass,1993-02-01
72,Goldina Tomenson,F,7 Ridge Oak Parkway,1997-07-31
73,Junette Tilling,M,2 Mcguire Road,1986-02-23
74,Shay Gillean,M,73859 Nobel Plaza,1970-06-01
75,Ali Le Fleming,M,2726 Lighthouse Bay Drive,1971-11-21
76,Janeva Ianne,M,567 Crowley Lane,1988-09-17
77,Andie Isted,M,88 Graceland Junction,1984-12-25
78,Lynn Rosenkranc,M,903 Cambridge Road,1982-01-21
79,Lamar Knaggs,F,356 Menomonie Crossing,1988-06-04
80,Olenolin Camplejohn,F,0895 Florence Court,1975-12-18
81,Adrea Turban,M,2626 Monument Place,1974-03-03
82,Sigfried Breffit,F,595 Goodland Parkway,1988-06-17
83,Jo Rosas,F,07 Nevada Junction,1977-01-31
84,Nickola Tebbitt,F,2124 Muir Trail,1971-11-27
85,Harriett Cristea,M,33 Manitowish Avenue,1985-05-03
86,Jecho Duplain,M,6 Randy Junction,1999-03-21
87,Matthieu Warder,M,5 Bashford Place,1977-11-30
88,Lem Bodega,F,556 Hazelcrest Parkway,1975-09-27
89,Rozelle Kirckman,M,16 Veith Parkway,1994-04-17
90,Thorsten Kleinstein,M,3810 Stone Corner Center,1994-08-19
91,Clyde Doag,M,5218 Dovetail Court,1997-01-14
92,Carmita Pol,M,2 Katie Avenue,1998-09-11
93,Aundrea Tanguy,F,5875 Kropf Hill,1978-10-03
94,Sianna Barstock,F,44 Cascade Hill,1997-08-24
95,Adan Portt,M,76 Moland Trail,1995-08-19
96,Angil Tilte,M,71167 Buell Trail,1990-05-03
97,Car McGing,F,0207 Shoshone Terrace,1997-12-22
98,Justinn Flucker,F,99 Granby Court,1997-02-07
99,Dita Looker,M,9 Old Shore Way,1981-12-09
100,Rosene Hatton,M,1822 Lakewood Gardens Street,1977-11-13
